"date","indpro","cpiaucsl","unrate","temp"
1948-01-01,14.3274,23.68,3.4,-0.185147255396118
1948-02-01,14.3543,23.67,3.8,2.52174996473788
1948-03-01,14.1931,23.5,4,6.39650672300204
1948-04-01,14.2199,23.82,3.9,14.1749669443158
1948-05-01,14.4618,24.01,3.5,18.2362857787527
1948-06-01,14.65,24.15,3.6,26.6994615146418
1948-07-01,14.65,24.4,3.6,29.9214332744295
1948-08-01,14.5962,24.43,3.9,29.2066503398137
1948-09-01,14.4887,24.36,3.8,20.5009205090905
1948-10-01,14.5963,24.31,3.7,12.4102068527983
1948-11-01,14.4081,24.16,3.8,3.44177494491336
1948-12-01,14.2737,24.05,4,0.844590986599523
1949-01-01,14.1393,24.01,4.3,0.758203210356513
1949-02-01,14.0049,23.91,4.7,1.32650839685849
1949-03-01,13.7361,23.91,5,6.83256952822801
1949-04-01,13.6554,23.92,5.3,12.1618128085099
1949-05-01,13.4673,23.91,6.1,18.0476280688687
1949-06-01,13.4404,23.92,6.2,23.9311123332641
1949-07-01,13.4135,23.7,6.7,29.6047493290986
1949-08-01,13.5479,23.7,6.8,29.0703417547075
1949-09-01,13.6823,23.75,6.6,21.7844657463065
1949-10-01,13.1716,23.67,7.9,11.9698771046901
1949-11-01,13.521,23.7,6.4,4.01591189632298
1949-12-01,13.7629,23.61,6.6,1.22630155846094
1950-01-01,14.0049,23.51,6.5,1.28811211745283
1950-02-01,14.0586,23.61,6.4,2.59427478637372
1950-03-01,14.5156,23.64,6.3,5.48486394647779
1950-04-01,14.9995,23.65,5.8,12.2174585923081
1950-05-01,15.3489,23.77,5.5,17.6758601729559
1950-06-01,15.8059,23.88,5.4,22.9745342362758
1950-07-01,16.3166,24.07,5,30.7297556332447
1950-08-01,16.8274,24.2,4.5,27.6963975473358
1950-09-01,16.7198,24.34,4.4,19.1946734550963
1950-10-01,16.8273,24.5,4.2,11.7860750234229
1950-11-01,16.8005,24.6,4.2,3.56565757314506
1950-12-01,17.0962,24.98,4.3,2.29184725463695
1951-01-01,17.1499,25.38,3.7,1.56838885307714
1951-02-01,17.2575,25.83,3.4,0.939730951533059
1951-03-01,17.3381,25.88,3.4,6.72165577489373
1951-04-01,17.365,25.92,3.1,13.4184347702589
1951-05-01,17.3112,25.99,3,19.9739727452235
1951-06-01,17.2306,25.93,3.2,25.564757270018
1951-07-01,16.9618,25.91,3.1,29.93444856039
1951-08-01,16.8005,25.86,3.1,27.9355712581733
1951-09-01,16.908,26.03,3.3,21.0674577128969
1951-10-01,16.8811,26.16,3.5,11.0115601436327
1951-11-01,17.0155,26.32,3.5,3.23903404294038
1951-12-01,17.123,26.47,3.1,-0.222028673018479
1952-01-01,17.3112,26.45,3.2,1.46994758852413
1952-02-01,17.4187,26.41,3.1,2.5310136799904
1952-03-01,17.4725,26.39,2.9,6.38412403263684
1952-04-01,17.3112,26.46,2.9,13.1335444238744
1952-05-01,17.1499,26.47,3,17.3462841245384
1952-06-01,16.9886,26.53,3,25.6452518756388
1952-07-01,16.7198,26.68,3.2,30.4135252894786
1952-08-01,17.7951,26.69,3.4,28.5589540324319
1952-09-01,18.4402,26.63,3.1,19.764356499902
1952-10-01,18.6284,26.69,3,11.123039402556
1952-11-01,19.0047,26.69,2.8,2.81778747830568
1952-12-01,19.1122,26.71,2.7,1.27068850949865
1953-01-01,19.166,26.64,2.9,-0.279554936727348
1953-02-01,19.2735,26.59,2.6,1.93574736095786
1953-03-01,19.4348,26.63,2.6,7.38514394419513
1953-04-01,19.5154,26.69,2.7,14.3111045124656
1953-05-01,19.6229,26.7,2.5,19.195997992851
1953-06-01,19.5423,26.77,2.5,25.6776883998267
1953-07-01,19.7842,26.79,2.6,30.8980447315575
1953-08-01,19.6767,26.85,2.7,28.1383617366697
1953-09-01,19.2735,26.89,2.9,20.0896175825652
1953-10-01,19.1122,26.95,3.1,9.24164709326654
1953-11-01,18.6553,26.85,3.5,2.11710198227392
1953-12-01,18.1983,26.87,4.5,1.26765699064726
1954-01-01,18.0639,26.94,4.9,0.605293489821779
1954-02-01,18.1176,26.99,5.2,2.626928122296
1954-03-01,18.0101,26.93,5.7,7.76766905255669
1954-04-01,17.9026,26.86,5.9,14.3399728660795
1954-05-01,18.0101,26.93,5.9,17.9515675392829
1954-06-01,18.0639,26.94,5.6,24.1119445355764
1954-07-01,18.0907,26.86,5.8,30.3428718933661
1954-08-01,18.0639,26.85,6,28.6881227145062
1954-09-01,18.0908,26.81,6.1,18.6957846869719
1954-10-01,18.3058,26.72,5.7,12.4592141155517
1954-11-01,18.6015,26.78,5.3,3.67104603316704
1954-12-01,18.8434,26.77,5,0.253424733651488
1955-01-01,19.2735,26.77,4.9,1.491818658189
1955-02-01,19.5154,26.82,4.7,2.27418251640138
1955-03-01,19.9724,26.79,4.6,6.33515511316284
1955-04-01,20.2143,26.79,4.7,11.9696434820003
1955-05-01,20.5369,26.77,4.3,16.1721584414385
1955-06-01,20.5638,26.71,4.2,25.9113037360283
1955-07-01,20.7251,26.76,4,31.3572756464743
1955-08-01,20.6982,26.72,4.2,27.2340342881342
1955-09-01,20.8326,26.85,4.1,19.7028006847666
1955-10-01,21.182,26.82,4.3,12.5016784937058
1955-11-01,21.2358,26.88,4.2,3.03173362258325
1955-12-01,21.3164,26.87,4.2,1.0296319315904
1956-01-01,21.4508,26.83,4,-0.173374754519272
1956-02-01,21.2627,26.86,3.9,2.48000474891422
1956-03-01,21.2627,26.89,4.2,7.40585848635319
1956-04-01,21.424,26.93,4,13.5258437289151
1956-05-01,21.2358,27.03,4.3,17.4198585805875
1956-06-01,21.0476,27.15,4.3,22.6444768181005
1956-07-01,20.4025,27.29,4.4,30.6425282983759
1956-08-01,21.2358,27.31,4.1,28.5261135822502
1956-09-01,21.7197,27.35,3.9,20.235247726974
1956-10-01,21.9078,27.51,3.9,13.6411266309572
1956-11-01,21.7197,27.51,4.3,3.76071433197724
1956-12-01,22.0422,27.63,4.2,0.0397183763595921
1957-01-01,21.9616,27.67,4.2,-0.42962294262595
1957-02-01,22.1766,27.8,3.9,2.20601215261904
1957-03-01,22.1498,27.86,3.7,6.46944584483511
1957-04-01,21.8541,27.93,3.9,11.2521777625449
1957-05-01,21.7734,28,4.1,17.9298893517375
1957-06-01,21.8272,28.11,4.3,25.4618121758329
1957-07-01,21.9616,28.19,4.2,28.8988584807341
1957-08-01,21.9616,28.28,4.1,27.5171628371531
1957-09-01,21.7734,28.32,4.4,20.3761772527384
1957-10-01,21.4508,28.32,4.5,12.424245064438
1957-11-01,20.9401,28.41,5.1,3.65134578582542
1957-12-01,20.5369,28.47,5.2,2.62195131505766
1958-01-01,20.1606,28.64,5.8,0.246526360918634
1958-02-01,19.7305,28.7,6.4,1.57900177109839
1958-03-01,19.4885,28.87,6.7,8.48691001184057
1958-04-01,19.166,28.94,7.4,15.050441350483
1958-05-01,19.3541,28.94,7.4,19.7671831749043
1958-06-01,19.8649,28.91,7.3,24.0348909400922
1958-07-01,20.1606,28.89,7.5,29.1272876639202
1958-08-01,20.5638,28.94,7.4,26.3572742653312
1958-09-01,20.752,28.91,7.1,20.4376366526863
1958-10-01,20.9939,28.91,6.7,11.8902474006513
1958-11-01,21.6121,28.95,6.2,5.56307087192184
1958-12-01,21.639,28.97,6.2,1.85706912662234
1959-01-01,21.9616,29.01,6,-0.319521148980334
1959-02-01,22.3917,29,5.9,1.73352798871169
1959-03-01,22.7142,28.97,5.6,7.69399879470089
1959-04-01,23.1981,28.98,5.2,11.8924576109098
1959-05-01,23.5476,29.04,5.1,18.4320101250282
1959-06-01,23.5744,29.11,5,26.1609490943219
1959-07-01,23.0099,29.15,5.1,30.5562319264602
1959-08-01,22.2304,29.18,5.2,28.4687517567621
1959-09-01,22.2035,29.25,5.5,21.2223456887374
1959-10-01,22.0422,29.35,5.7,13.0070960291705
1959-11-01,22.1766,29.35,5.8,3.20104320487143
1959-12-01,23.5475,29.41,5.3,2.35818416128676
1960-01-01,24.1658,29.37,5.2,0.0258917523682087
1960-02-01,23.9508,29.41,4.8,1.56857179332783
1960-03-01,23.7357,29.41,5.4,8.92978945259751
1960-04-01,23.5476,29.54,5.2,14.262815182556
1960-05-01,23.5207,29.57,5.1,17.7774624855649
1960-06-01,23.225,29.61,5.4,22.7094201903121
1960-07-01,23.1443,29.55,5.5,31.0676394657114
1960-08-01,23.1175,29.61,5.6,27.5985305380088
1960-09-01,22.8755,29.61,5.5,18.8750519021752
1960-10-01,22.8487,29.75,6.1,11.6739022727178
1960-11-01,22.5261,29.78,6.1,3.96498074158765
1960-12-01,22.096,29.81,6.6,-0.88901188262636
1961-01-01,22.1229,29.84,6.6,-0.939484550102285
1961-02-01,22.096,29.84,6.9,1.64688045429754
1961-03-01,22.2304,29.84,6.9,7.79449238314851
1961-04-01,22.6874,29.81,7,12.6229896427494
1961-05-01,23.0368,29.84,7.1,16.1192066801228
1961-06-01,23.3594,29.84,6.9,24.6506069821784
1961-07-01,23.6282,29.92,7,32.0600526630627
1961-08-01,23.8432,29.94,6.6,27.9833711006551
1961-09-01,23.8164,29.98,6.7,20.140691600849
1961-10-01,24.2733,29.98,6.5,13.4812043245293
1961-11-01,24.6497,29.98,6.1,2.65013190425394
1961-12-01,24.8647,30.01,6,1.06934864268018
1962-01-01,24.6496,30.04,5.8,0.553241081899579
1962-02-01,25.0529,30.11,5.5,3.1173320479642
1962-03-01,25.1873,30.17,5.6,7.631010872408
1962-04-01,25.241,30.21,5.6,13.8734775335244
1962-05-01,25.2141,30.24,5.5,18.3893786416818
1962-06-01,25.1604,30.21,5.5,23.7646733358708
1962-07-01,25.4023,30.22,5.4,30.7637229591879
1962-08-01,25.4292,30.28,5.7,27.375318831062
1962-09-01,25.5905,30.42,5.6,20.9734322565832
1962-10-01,25.6174,30.38,5.4,12.4891346135248
1962-11-01,25.7249,30.38,5.7,2.26172951198492
1962-12-01,25.7249,30.38,5.5,1.26934516737101
1963-01-01,25.913,30.44,5.7,-0.00661359461583938
1963-02-01,26.2088,30.48,5.9,0.567886664426615
1963-03-01,26.37,30.51,5.7,7.27865093394821
1963-04-01,26.612,30.48,5.7,11.110726373453
1963-05-01,26.9345,30.51,5.9,18.620315432934
1963-06-01,27.0152,30.61,5.6,26.1392181101657
1963-07-01,26.9076,30.69,5.6,30.5733432678938
1963-08-01,26.9614,30.75,5.4,27.8239228864837
1963-09-01,27.2302,30.72,5.5,20.0804832811995
1963-10-01,27.4184,30.75,5.5,14.811985516647
1963-11-01,27.5528,30.78,5.7,3.80315539548926
1963-12-01,27.499,30.88,5.5,1.69457191587769
1964-01-01,27.7409,30.94,5.6,-0.0148131607379961
1964-02-01,27.9291,30.91,5.4,2.04181208077961
1964-03-01,27.9291,30.94,5.4,6.71444766959797
1964-04-01,28.3861,30.95,5.3,12.5146747390726
1964-05-01,28.5474,30.98,5.1,19.1776203635548
1964-06-01,28.628,31.01,5.2,25.0718437659343
1964-07-01,28.8162,31.02,4.9,30.6204192180354
1964-08-01,29.0043,31.05,5,26.57458240081
1964-09-01,29.1119,31.08,5.1,19.9044404080417
1964-10-01,28.7087,31.12,5.1,11.4310115263074
1964-11-01,29.5957,31.21,4.8,4.52259423560083
1964-12-01,29.9452,31.25,5,-0.247370782721958
1965-01-01,30.2677,31.28,4.9,0.618981242997522
1965-02-01,30.4559,31.28,5.1,1.62989386473882
1965-03-01,30.8591,31.31,4.7,6.44998461413471
1965-04-01,30.9935,31.38,4.8,13.5650690293536
1965-05-01,31.2354,31.48,4.6,17.6958243148934
1965-06-01,31.4774,31.61,4.6,26.3571391672754
1965-07-01,31.7731,31.58,4.4,31.0389291848137
1965-08-01,31.9075,31.55,4.4,27.8932250918738
1965-09-01,31.9881,31.62,4.3,19.274634580177
1965-10-01,32.3107,31.65,4.2,11.7807375997258
1965-11-01,32.4451,31.75,4.1,1.86297480761593
1965-12-01,32.8483,31.85,4,2.69300238570135
1966-01-01,33.1709,31.88,4,1.59027240873243
1966-02-01,33.3859,32.08,3.8,1.40852946198202
1966-03-01,33.8429,32.18,3.8,6.21860738854822
1966-04-01,33.8967,32.28,3.8,11.358100513863
1966-05-01,34.2192,32.35,3.9,16.8606064347647
1966-06-01,34.3805,32.38,3.8,25.7227609105815
1966-07-01,34.5687,32.45,3.8,30.256657569133
1966-08-01,34.5955,32.65,3.8,29.2982140015311
1966-09-01,34.9181,32.75,3.7,19.2322452985033
1966-10-01,35.16,32.85,3.7,12.2418167454431
1966-11-01,34.9181,32.88,3.6,4.3897865850438
1966-12-01,34.9987,32.92,3.8,1.85110241533634
1967-01-01,35.1638,32.9,3.9,2.29587820013683
1967-02-01,34.765,33,3.8,1.91155987410141
1967-03-01,34.5691,33,3.8,8.32375624576741
1967-04-01,34.8951,33.1,3.8,14.759152621629
1967-05-01,34.5907,33.1,3.8,18.7791568495054
1967-06-01,34.5863,33.3,3.9,24.9670356868222
1967-07-01,34.5076,33.4,3.8,29.6970649669699
1967-08-01,35.1687,33.5,3.8,27.6572230335364
1967-09-01,35.1116,33.6,3.8,20.1247576186242
1967-10-01,35.3976,33.7,4,12.463875875496
1967-11-01,35.9038,33.9,3.9,3.07584146833491
1967-12-01,36.2905,34,3.8,1.65410817178566
1968-01-01,36.2514,34.1,3.7,0.273295485243541
1968-02-01,36.3813,34.2,3.8,1.40052383507812
1968-03-01,36.4949,34.3,3.7,6.75257563195343
1968-04-01,36.5477,34.4,3.5,12.2146866123581
1968-05-01,36.9577,34.5,3.5,18.2030349416172
1968-06-01,37.0934,34.7,3.7,24.4669679828226
1968-07-01,37.0366,34.9,3.7,31.1258750191052
1968-08-01,37.1399,35,3.5,27.6010493093271
1968-09-01,37.2806,35.1,3.4,20.0095469545622
1968-10-01,37.3546,35.3,3.4,14.2100298485864
1968-11-01,37.8378,35.4,3.4,3.41467760680333
1968-12-01,37.9573,35.6,3.4,4.1234322549092
1969-01-01,38.1869,35.7,3.4,0.857917641910933
1969-02-01,38.4313,35.8,3.4,3.2904915955559
1969-03-01,38.7326,36.1,3.4,8.87801090468804
1969-04-01,38.5901,36.3,3.4,13.7159582845435
1969-05-01,38.4443,36.4,3.4,17.2268164341814
1969-06-01,38.8198,36.6,3.5,25.8791567430212
1969-07-01,39.0248,36.8,3.5,31.7072777631932
1969-08-01,39.1145,36.9,3.5,28.5990420546109
1969-09-01,39.1057,37.1,3.7,21.0162430037557
1969-10-01,39.1171,37.3,3.7,11.6671582026746
1969-11-01,38.7484,37.5,3.5,4.22017636211785
1969-12-01,38.6444,37.7,3.5,0.0121724784742705
1970-01-01,37.9288,37.9,3.9,0.421334558171661
1970-02-01,37.9038,38.1,4.2,3.43967667335846
1970-03-01,37.8546,38.3,4.4,7.77990319138488
1970-04-01,37.7573,38.5,4.6,13.379257288171
1970-05-01,37.7133,38.6,4.8,18.2087014674673
1970-06-01,37.5913,38.8,4.9,25.5950483204126
1970-07-01,37.6836,38.9,5,32.7291959641713
1970-08-01,37.6164,39,5.1,27.6190059569991
1970-09-01,37.3571,39.2,5.4,20.7801963003951
1970-10-01,36.6098,39.4,5.5,14.177029542975
1970-11-01,36.3881,39.6,5.9,2.26573104618737
1970-12-01,37.2237,39.8,6.1,2.9373062716247
1971-01-01,37.5101,39.9,5.9,0.509950829558381
1971-02-01,37.4386,39.9,5.9,2.44204052183479
1971-03-01,37.398,40,6,5.97545997421165
1971-04-01,37.608,40.1,5.9,14.698212351605
1971-05-01,37.7989,40.3,5.9,17.6037056059582
1971-06-01,37.9574,40.5,5.9,25.5134617396789
1971-07-01,37.8472,40.6,6,29.9285814791974
1971-08-01,37.6276,40.7,6.1,30.257893907828
1971-09-01,38.2391,40.8,6,22.1276519654996
1971-10-01,38.5253,40.9,5.8,13.1935536689136
1971-11-01,38.6888,41,6,3.17755669334427
1971-12-01,39.1355,41.1,6,1.71021953353534
1972-01-01,40.0728,41.2,5.8,0.553551714954324
1972-02-01,40.4789,41.4,5.7,2.42164584616314
1972-03-01,40.761,41.4,5.8,8.25018346855249
1972-04-01,41.1654,41.5,5.7,13.8902780801608
1972-05-01,41.1693,41.6,5.7,18.6443803153505
1972-06-01,41.2778,41.7,5.7,26.2011019546555
1972-07-01,41.2389,41.8,5.6,30.7969349968855
1972-08-01,41.805,41.9,5.6,27.2542270818435
1972-09-01,42.1288,42.1,5.5,22.2709806225033
1972-10-01,42.6703,42.2,5.6,11.3953151406299
1972-11-01,43.1755,42.4,5.3,4.47116263787028
1972-12-01,43.6617,42.5,5.2,2.31647318231552
1973-01-01,43.9783,42.7,4.9,1.06773358337396
1973-02-01,44.6103,43,5,1.69947508542363
1973-03-01,44.6294,43.4,4.9,7.19464424946882
1973-04-01,44.568,43.7,5,15.2620621013403
1973-05-01,44.8608,43.9,4.9,17.5247891042586
1973-06-01,44.9186,44.2,4.9,24.9541154838961
1973-07-01,45.085,44.2,4.8,31.6234404019096
1973-08-01,45.0221,45,4.8,29.7520146502293
1973-09-01,45.3801,45.2,4.8,21.5238072424213
1973-10-01,45.7462,45.6,4.6,13.1510399271739
1973-11-01,45.9548,45.9,4.8,3.79509460264917
1973-12-01,45.8252,46.3,4.9,1.55214599639526
1974-01-01,45.5207,46.8,5.1,-0.152916557010437
1974-02-01,45.3825,47.3,5.2,2.06007536798713
1974-03-01,45.3798,47.8,5.1,6.96366906311754
1974-04-01,45.247,48.1,5.1,13.933774116692
1974-05-01,45.6083,48.6,5.1,18.109282383701
1974-06-01,45.5216,49,5.4,26.4901096708276
1974-07-01,45.6136,49.3,5.5,30.250649963012
1974-08-01,45.1303,49.9,5.5,27.4393202519005
1974-09-01,45.1377,50.6,5.9,19.7643636866756
1974-10-01,44.995,51,6,11.66951462405
1974-11-01,43.5148,51.5,6.6,5.25812541463358
1974-12-01,41.9503,51.9,7.2,2.26759943657466
1975-01-01,41.3689,52.3,8.1,-1.05348104521325
1975-02-01,40.4252,52.6,8.1,1.60371209187734
1975-03-01,39.9804,52.8,8.6,6.56871485126396
1975-04-01,40.0572,53,8.8,13.0531998544767
1975-05-01,39.9402,53.1,9,18.685797131167
1975-06-01,40.1927,53.5,8.8,25.0251858323329
1975-07-01,40.6115,54,8.6,29.7847525056053
1975-08-01,41.0114,54.2,8.4,27.3508520785208
1975-09-01,41.5422,54.6,8.4,20.0013269183372
1975-10-01,41.7224,54.9,8.4,13.3609172103747
1975-11-01,41.7797,55.3,8.3,4.87879001707381
1975-12-01,42.3462,55.6,8.2,2.08328868067352
1976-01-01,42.9082,55.8,7.9,1.27725951169714
1976-02-01,43.3407,55.9,7.7,2.91591796905563
1976-03-01,43.4281,56,7.6,8.42010392887987
1976-04-01,43.6518,56.1,7.7,13.9562711981339
1976-05-01,43.8315,56.4,7.4,18.5774522374669
1976-06-01,43.8775,56.7,7.6,25.8746174900167
1976-07-01,44.1248,57,7.8,31.2867242528976
1976-08-01,44.4262,57.3,7.8,27.3514379035994
1976-09-01,44.5711,57.6,7.6,20.8991926616196
1976-10-01,44.56,57.9,7.7,12.064191247943
1976-11-01,45.2454,58.1,7.8,4.54374294314051
1976-12-01,45.731,58.4,7.8,0.49459950135622
1977-01-01,45.4156,58.7,7.5,1.22031662576398
1977-02-01,46.1358,59.3,7.6,3.99189816116686
1977-03-01,46.7158,59.6,7.4,7.23595609966626
1977-04-01,47.1719,60,7.2,12.9414412968101
1977-05-01,47.541,60.2,7,19.4541130365006
1977-06-01,47.9063,60.5,7.2,26.3716606445847
1977-07-01,47.9714,60.8,6.9,31.4176257854358
1977-08-01,48.0157,61.1,7,29.04572567351
1977-09-01,48.2097,61.3,6.8,21.7773454844212
1977-10-01,48.2839,61.6,6.8,13.4821414047756
1977-11-01,48.3755,62,6.8,2.6630459434601
1977-12-01,48.4573,62.3,6.4,2.86310099326577
1978-01-01,47.7512,62.7,6.4,0.67972809618571
1978-02-01,48.0098,63,6.3,2.88425583358728
1978-03-01,48.9358,63.4,6.3,8.60064569936806
1978-04-01,49.9074,63.9,6.1,12.6098967347655
1978-05-01,50.1513,64.5,6,19.1155018564993
1978-06-01,50.4751,65,5.9,25.6639903324491
1978-07-01,50.4371,65.5,6.2,31.2622445275917
1978-08-01,50.6393,65.9,5.9,29.7133567487965
1978-09-01,50.7631,66.5,6,18.6372197891425
1978-10-01,51.1523,67.1,5.8,13.5744330859277
1978-11-01,51.5456,67.5,5.9,6.72162194097643
1978-12-01,51.806,67.9,6,2.66708815650615
1979-01-01,51.525,68.5,5.9,1.06654245368471
1979-02-01,51.778,69.2,5.9,2.4284740428264
1979-03-01,51.9382,69.9,5.8,7.87349610365002
1979-04-01,51.3251,70.6,5.8,15.0218974332216
1979-05-01,51.7782,71.4,5.6,17.2320083691242
1979-06-01,51.7865,72.2,5.7,24.1811407237282
1979-07-01,51.7029,73,5.7,32.2120382010944
1979-08-01,51.3658,73.7,6,29.1965931455102
1979-09-01,51.3623,74.4,5.9,21.2604892976262
1979-10-01,51.7175,75.2,6,13.5189074009118
1979-11-01,51.6341,76,5.9,4.52136736454362
1979-12-01,51.6694,76.9,6,3.01629616900494
1980-01-01,51.944,78,6.3,0.0630929203224342
1980-02-01,51.9633,79,6.3,3.98375440701293
1980-03-01,51.7454,80.1,6.3,7.16109644756997
1980-04-01,50.7197,80.9,6.9,12.9049089533242
1980-05-01,49.4766,81.7,7.5,19.7596197548398
1980-06-01,48.8383,82.5,7.6,26.3023775888495
1980-07-01,48.4907,82.6,7.8,31.3926760183395
1980-08-01,48.6456,83.2,7.7,28.738863292801
1980-09-01,49.4578,83.9,7.5,21.8605030351983
1980-10-01,50.0861,84.7,7.5,11.4646918347262
1980-11-01,50.9209,85.6,7.5,3.05961361618393
1980-12-01,51.257,86.4,7.2,1.59768599691208
1981-01-01,50.9328,87.2,7.5,1.3631030514896
1981-02-01,50.7237,88,7.4,2.82944892607269
1981-03-01,50.9806,88.6,7.4,7.36460596442766
1981-04-01,50.7661,89.1,7.2,13.8700538286484
1981-05-01,51.0552,89.7,7.5,18.2550975289755
1981-06-01,51.3214,90.5,7.5,26.9254258617829
1981-07-01,51.6555,91.5,7.2,30.1462240358257
1981-08-01,51.5903,92.2,7.4,29.488081092111
1981-09-01,51.3429,93.1,7.6,20.1221885000066
1981-10-01,50.9463,93.4,7.9,12.0078115168976
1981-11-01,50.3546,93.8,8.3,3.14190880625313
1981-12-01,49.8086,94.1,8.5,1.8013832216935
1982-01-01,48.7877,94.4,8.6,-1.13184167198496
1982-02-01,49.7839,94.7,8.9,1.9869064830814
1982-03-01,49.4477,94.7,9,7.30850170988035
1982-04-01,48.9913,95,9.3,10.8948850264421
1982-05-01,48.6669,95.9,9.4,20.5925688788731
1982-06-01,48.5415,97,9.6,27.2638605010611
1982-07-01,48.3775,97.5,9.8,29.3151819151697
1982-08-01,47.9382,97.7,9.8,30.3246096745476
1982-09-01,47.8139,97.7,10.1,20.343592207291
1982-10-01,47.3575,98.1,10.4,12.915996423476
1982-11-01,47.2078,98,10.8,3.40563431702819
1982-12-01,46.8713,97.7,10.8,1.82388310770551
1983-01-01,47.7398,97.9,10.4,2.16106283123031
1983-02-01,47.4484,98,10.4,3.67087043515308
1983-03-01,47.8426,98.1,10.3,9.02742057203672
1983-04-01,48.4483,98.8,10.2,13.620851388033
1983-05-01,48.747,99.2,10.1,17.5835758213237
1983-06-01,49.0434,99.4,10.1,26.4365800875788
1983-07-01,49.7739,99.8,9.4,30.9702940557775
1983-08-01,50.364,100.1,9.5,28.7599421648301
1983-09-01,51.0937,100.4,9.2,20.6210014186468
1983-10-01,51.4902,100.8,8.8,12.4172038953838
1983-11-01,51.721,101.1,8.5,4.44056026255446
1983-12-01,51.9769,101.4,8.3,2.55249417356085
1984-01-01,53.0088,102.1,8,1.13785795964694
1984-02-01,53.2486,102.6,7.8,2.6120238799005
1984-03-01,53.5028,102.9,7.8,7.43495019726139
1984-04-01,53.8233,103.3,7.7,14.8529696064823
1984-05-01,54.1104,103.5,7.4,21.7095365687743
1984-06-01,54.3075,103.7,7.2,24.5409642222429
1984-07-01,54.4587,104.1,7.5,33.2163279064171
1984-08-01,54.5239,104.4,7.5,30.6736065473605
1984-09-01,54.3696,104.7,7.3,21.5430522332867
1984-10-01,54.3474,105.1,7.4,11.973534375632
1984-11-01,54.529,105.3,7.2,4.33772354112499
1984-12-01,54.5556,105.5,7.3,3.2696745048515
1985-01-01,54.527,105.7,7.3,0.77112804694315
1985-02-01,54.6871,106.3,7.2,2.14703698523762
1985-03-01,54.7673,106.8,7.2,9.59498159965779
1985-04-01,54.6467,107,7.3,13.2039122022189
1985-05-01,54.7396,107.2,7.2,19.6867324110397
1985-06-01,54.711,107.5,7.4,28.1150675249111
1985-07-01,54.4365,107.7,7.4,31.9202438403226
1985-08-01,54.6121,107.9,7.1,29.3166354340381
1985-09-01,54.8147,108.1,7.1,21.3561296924995
1985-10-01,54.6228,108.5,7.1,12.4610692891962
1985-11-01,54.8123,109,7,2.92780823790819
1985-12-01,55.3553,109.5,7,2.52255970990302
1986-01-01,55.6453,109.9,6.7,0.599178931239854
1986-02-01,55.2634,109.7,7.2,4.28238585284471
1986-03-01,54.8728,109.1,7.2,7.32444707604421
1986-04-01,54.935,108.7,7.1,14.168270968044
1986-05-01,55.0399,109,7.2,20.4674092137916
1986-06-01,54.826,109.4,7.2,25.4818626845078
1986-07-01,55.167,109.5,7,30.8691202766557
1986-08-01,55.0726,109.6,6.9,31.3535536731581
1986-09-01,55.2237,110,7,19.4935094171603
1986-10-01,55.4589,110.2,7,12.9302031662179
1986-11-01,55.6763,110.4,6.9,4.35542344888714
1986-12-01,56.2078,110.8,6.6,0.850510537804177
1987-01-01,55.9911,111.4,6.6,1.5939422748587
1987-02-01,56.7373,111.8,6.6,3.84987537730861
1987-03-01,56.8136,112.2,6.6,7.19101642363719
1987-04-01,57.185,112.7,6.3,15.4794942385086
1987-05-01,57.5424,113,6.3,20.3247433617384
1987-06-01,57.8502,113.5,6.2,26.9603186762876
1987-07-01,58.2421,113.8,6.1,30.5572465960796
1987-08-01,58.6784,114.3,6,28.8800785561201
1987-09-01,58.9088,114.7,5.9,20.9834057975187
1987-10-01,59.7008,115,6,13.4324101354531
1987-11-01,59.9956,115.4,5.8,2.05877566391533
1987-12-01,60.3246,115.6,5.7,1.72893342978762
1988-01-01,60.309,116,5.7,1.9883230209074
1988-02-01,60.6122,116.2,5.7,4.61618480086601
1988-03-01,60.7452,116.5,5.7,7.56758918723985
1988-04-01,61.108,117.2,5.4,12.5733057871589
1988-05-01,60.9843,117.5,5.6,18.5313768133685
1988-06-01,61.1615,118,5.4,27.5105029912938
1988-07-01,61.171,118.5,5.4,31.7480014947727
1988-08-01,61.4771,119,5.6,27.7712310597643
1988-09-01,61.2785,119.5,5.4,20.9927301434124
1988-10-01,61.5488,119.9,5.4,13.5011949749166
1988-11-01,61.7049,120.3,5.3,4.37377796326212
1988-12-01,61.9851,120.7,5.3,3.52173281116281
1989-01-01,62.1677,121.2,5.4,1.26876399833419
1989-02-01,61.8916,121.6,5.2,2.31475399944706
1989-03-01,62.0508,122.2,5,7.10620398000998
1989-04-01,62.0289,123.1,5.2,14.6448860511045
1989-05-01,61.6871,123.7,5.2,17.7841856276678
1989-06-01,61.6857,124.1,5.3,27.1516329709069
1989-07-01,61.0896,124.5,5.2,28.8017322184459
1989-08-01,61.6847,124.5,5.2,26.5312241668194
1989-09-01,61.4794,124.8,5.3,21.5261714585138
1989-10-01,61.4014,125.4,5.3,13.7493795520548
1989-11-01,61.6081,125.9,5.4,3.93262861970336
1989-12-01,61.9588,126.3,5.4,1.50823271839333
1990-01-01,61.6352,127.5,5.4,1.07346254114183
1990-02-01,62.1951,128,5.3,4.22517179650325
1990-03-01,62.4916,128.6,5.2,6.04800334791511
1990-04-01,62.3511,128.9,5.4,14.0720471308997
1990-05-01,62.5353,129.1,5.4,19.3836621589308
1990-06-01,62.7479,129.9,5.2,24.8658797966017
1990-07-01,62.6435,130.5,5.5,30.6829616207324
1990-08-01,62.8704,131.6,5.7,29.4138640976729
1990-09-01,62.8839,132.5,5.9,19.0840923614999
1990-10-01,62.4973,133.4,5.9,12.405992801316
1990-11-01,61.7175,133.7,6.2,2.81738539293017
1990-12-01,61.2885,134.2,6.3,3.63344464609529
1991-01-01,61.0842,134.7,6.4,0.769768661763484
1991-02-01,60.6387,134.8,6.6,1.96720983471446
1991-03-01,60.2973,134.8,6.8,5.41403278679011
1991-04-01,60.4524,135.1,6.7,14.2151070728377
1991-05-01,61.0587,135.6,6.9,19.7955587458316
1991-06-01,61.5514,136,6.9,24.9507817941264
1991-07-01,61.7201,136.2,6.8,30.2006814300202
1991-08-01,61.7289,136.6,6.9,30.1059133915921
1991-09-01,62.2369,137,6.9,21.0975635197311
1991-10-01,62.1718,137.2,7,13.3362460957185
1991-11-01,62.0894,137.8,7,4.91010660484932
1991-12-01,61.806,138.2,7.3,0.696402380077655
1992-01-01,61.4823,138.3,7.3,-1.54500343064536
1992-02-01,61.9192,138.6,7.4,2.77568256241573
1992-03-01,62.4403,139.1,7.4,8.2822443808054
1992-04-01,62.9199,139.4,7.4,14.0701088758041
1992-05-01,63.1268,139.7,7.6,17.1783942760019
1992-06-01,63.1624,140.1,7.8,24.8760893058612
1992-07-01,63.7348,140.5,7.7,32.4747381897574
1992-08-01,63.3802,140.8,7.6,30.4768198946828
1992-09-01,63.5834,141.1,7.6,21.9064922002676
1992-10-01,64.0178,141.7,7.3,14.0778157701203
1992-11-01,64.2628,142.1,7.4,5.18031105895778
1992-12-01,64.3599,142.3,7.4,2.08927710382475
1993-01-01,64.6135,142.8,7.3,1.35171349484266
1993-02-01,64.9262,143.1,7.1,3.45459662681939
1993-03-01,64.8627,143.3,7,7.44486163487901
1993-04-01,65.0423,143.8,7.1,15.0062643530702
1993-05-01,64.8006,144.2,7.1,20.042482510634
1993-06-01,64.9476,144.3,7,26.074436395746
1993-07-01,65.1142,144.5,6.9,32.2195636489224
1993-08-01,65.0421,144.8,6.8,28.6050246374789
1993-09-01,65.3749,145,6.7,21.0771201790879
1993-10-01,65.863,145.6,6.8,13.3139768094871
1993-11-01,66.1696,146,6.6,4.31081495092572
1993-12-01,66.5531,146.3,6.5,2.28508189653611
1994-01-01,66.7591,146.3,6.6,1.88960578289714
1994-02-01,66.8019,146.7,6.6,2.25945037495811
1994-03-01,67.4704,147.1,6.5,7.588750027559
1994-04-01,67.8707,147.2,6.4,12.6575878879894
1994-05-01,68.187,147.5,6.1,18.5654021814066
1994-06-01,68.645,147.9,6.1,27.576964915013
1994-07-01,68.7317,148.4,6.1,29.2244934076295
1994-08-01,69.1882,149,6,30.2059281057014
1994-09-01,69.3935,149.3,5.9,20.7145515566918
1994-10-01,69.9576,149.4,5.8,13.7497810548639
1994-11-01,70.4288,149.8,5.6,4.02030317264202
1994-12-01,71.1273,150.1,5.5,3.06423313222381
1995-01-01,71.2635,150.5,5.6,1.81002162364818
1995-02-01,71.1758,150.9,5.4,2.75814939658796
1995-03-01,71.2796,151.2,5.4,8.4139265308796
1995-04-01,71.1538,151.8,5.8,13.9400695168491
1995-05-01,71.4997,152.1,5.6,20.3395475603635
1995-06-01,71.7327,152.4,5.6,27.1342093764832
1995-07-01,71.4334,152.6,5.7,30.9574338847733
1995-08-01,72.3723,152.9,5.7,29.1543634786873
1995-09-01,72.6543,153.1,5.6,22.7243416666396
1995-10-01,72.5336,153.5,5.5,12.8128601360747
1995-11-01,72.717,153.7,5.6,3.54352795787614
1995-12-01,72.9638,153.9,5.6,2.47024215636439
1996-01-01,72.5712,154.7,5.6,1.38100815429628
1996-02-01,73.6207,155,5.5,2.63438538046876
1996-03-01,73.5141,155.5,5.5,9.38299506784555
1996-04-01,74.2491,156.1,5.6,15.3438573973643
1996-05-01,74.8142,156.4,5.6,20.2085917083046
1996-06-01,75.3726,156.7,5.3,24.4194973043781
1996-07-01,75.3738,157,5.5,32.559389110425
1996-08-01,75.7557,157.2,5.1,28.7903269195744
1996-09-01,76.2302,157.7,5.2,22.742259851285
1996-10-01,76.2157,158.2,5.2,15.0001636760219
1996-11-01,76.8973,158.7,5.4,3.2593214922377
1996-12-01,77.3772,159.1,5.4,2.29708766632801
1997-01-01,77.5135,159.4,5.3,0.155368032359525
1997-02-01,78.4255,159.7,5.2,3.09352730070916
1997-03-01,78.9197,159.8,5.2,7.80987153766214
1997-04-01,78.9848,159.9,5.1,13.5741795250345
1997-05-01,79.4296,159.9,4.9,19.0878925691151
1997-06-01,79.7971,160.2,5,24.8651844196814
1997-07-01,80.4666,160.4,4.9,31.2597670534719
1997-08-01,81.2825,160.8,4.8,30.7687844383974
1997-09-01,82.0327,161.2,4.9,20.8447097805642
1997-10-01,82.7656,161.5,4.7,14.267011504907
1997-11-01,83.427,161.7,4.6,2.99368255738873
1997-12-01,83.784,161.8,4.7,2.64443110467738
1998-01-01,84.1564,162,4.6,2.30111044283839
1998-02-01,84.3066,162,4.6,3.77909605992479
1998-03-01,84.342,162,4.7,9.44388351142161
1998-04-01,84.6339,162.2,4.3,15.2007828240252
1998-05-01,85.1867,162.6,4.4,20.8898393560997
1998-06-01,84.6809,162.8,4.5,26.7555476251835
1998-07-01,84.3445,163.2,4.5,32.5153207887886
1998-08-01,86.0816,163.4,4.5,29.6219361616511
1998-09-01,86.0023,163.5,4.6,22.2240085766595
1998-10-01,86.591,163.9,4.5,14.0885850507599
1998-11-01,86.5115,164.1,4.4,5.98002123185019
1998-12-01,86.8615,164.4,4.4,2.11841074116076
1999-01-01,87.2205,164.7,4.3,0.85322846975556
1999-02-01,87.726,164.7,4.4,2.57595666813485
1999-03-01,87.9125,164.8,4.2,8.42673676255456
1999-04-01,88.1082,165.9,4.3,13.114148084376
1999-05-01,88.6483,166,4.2,19.4312557292023
1999-06-01,88.5903,166,4.3,26.3772757192279
1999-07-01,89.1098,166.7,4.3,31.1130558960501
1999-08-01,89.5007,167.1,4.2,27.6094856622246
1999-09-01,89.1304,167.8,4.2,20.9264127982568
1999-10-01,90.2709,168.1,4.1,13.4745205766616
1999-11-01,90.7528,168.4,4.1,3.93281915671813
1999-12-01,91.4784,168.8,4,2.38841557386403
2000-01-01,91.4092,169.3,4,2.45169989045505
2000-02-01,91.7245,170,4.1,3.21064315837187
2000-03-01,92.083,171,4,6.7715222957378
2000-04-01,92.6659,170.9,3.8,14.4929529787435
2000-05-01,92.9347,171.2,4,19.0756686538277
2000-06-01,93.0018,172.2,4,26.414722645382
2000-07-01,92.8373,172.7,4,31.2103186623654
2000-08-01,92.591,172.7,4.1,29.0866855385733
2000-09-01,92.9827,173.6,3.9,22.1033118931028
2000-10-01,92.64,173.9,3.9,13.7804650742559
2000-11-01,92.6604,174.2,3.9,4.10161632437783
2000-12-01,92.3457,174.6,3.9,3.62805532286867
2001-01-01,91.8908,175.6,4.2,1.22033784108128
2001-02-01,91.2851,176,4.2,4.67171941888806
2001-03-01,91.0585,176.1,4.3,8.0211884760013
2001-04-01,90.7384,176.4,4.4,16.3844596173069
2001-05-01,90.2607,177.3,4.3,18.7406631945453
2001-06-01,89.7811,177.7,4.5,28.1461001616172
2001-07-01,89.2352,177.4,4.6,30.7598347027242
2001-08-01,89.157,177.4,4.9,28.4254222584145
2001-09-01,88.6749,178.1,5,21.3431628705582
2001-10-01,88.4051,177.6,5.3,12.0193491584147
2001-11-01,87.886,177.5,5.5,2.78300237783777
2001-12-01,87.8518,177.4,5.7,2.57465604059569
2002-01-01,88.4634,177.7,5.7,2.99605044484188
2002-02-01,88.4578,178,5.7,2.76955566628091
2002-03-01,89.1265,178.5,5.7,8.45367573095431
2002-04-01,89.5507,179.3,5.9,14.2145837263035
2002-05-01,89.9348,179.5,5.8,18.9235794736177
2002-06-01,90.6736,179.6,5.8,24.3649113785262
2002-07-01,90.6436,180,5.8,30.885698391354
2002-08-01,90.5505,180.5,5.7,29.3221882584157
2002-09-01,90.6373,180.8,5.7,19.9336718523096
2002-10-01,90.3988,181.2,5.7,12.7367202273696
2002-11-01,90.8947,181.5,5.9,4.3962795717804
2002-12-01,90.3906,181.8,6,2.89776908908181
2003-01-01,91.1369,182.6,5.8,0.76877564337019
2003-02-01,91.2505,183.6,5.9,3.26612857844099
2003-03-01,91.0006,183.9,5.9,9.29485437599377
2003-04-01,90.4311,183.2,6,14.0437495046856
2003-05-01,90.4,182.9,6.1,19.3414058698125
2003-06-01,90.5196,183.1,6.3,25.7809759098073
2003-07-01,90.9869,183.7,6.2,30.8626327166287
2003-08-01,90.7933,184.5,6.1,29.3649559765491
2003-09-01,91.3819,185.1,6.1,21.314753407333
2003-10-01,91.5049,184.9,6,13.0656058321044
2003-11-01,92.1265,185,5.8,4.90480739958796
2003-12-01,92.1732,185.5,5.7,3.29553958433113
2004-01-01,92.3268,186.3,5.7,2.49812338948192
2004-02-01,92.8995,186.7,5.6,4.43968911097998
2004-03-01,92.5368,187.1,5.8,7.53504564507627
2004-04-01,92.8957,187.4,5.6,14.7737700988104
2004-05-01,93.5845,188.2,5.6,20.1562964435038
2004-06-01,92.8651,188.9,5.6,26.8818052422751
2004-07-01,93.5502,189.1,5.5,30.4603351122345
2004-08-01,93.6301,189.2,5.4,31.5532766360234
2004-09-01,93.7353,189.8,5.4,21.484816665399
2004-10-01,94.5695,190.8,5.5,14.4574317068523
2004-11-01,94.8015,191.7,5.4,3.63271352672948
2004-12-01,95.5415,191.7,5.4,3.01247461456369
2005-01-01,95.8785,191.6,5.3,-0.0546023559604423
2005-02-01,96.5709,192.4,5.4,3.15294081156976
2005-03-01,96.4345,193.1,5.2,7.6569538568365
2005-04-01,96.6347,193.7,5.2,15.3024175356898
2005-05-01,96.7251,193.6,5.1,19.1681668947167
2005-06-01,97.1483,193.7,5,25.6376677309786
2005-07-01,96.8397,194.9,5,32.1122227353424
2005-08-01,97.1584,196.1,4.9,28.5884737761755
2005-09-01,95.2764,198.8,5,22.7850592282937
2005-10-01,96.4411,199.1,5,12.8813423442993
2005-11-01,97.5016,198.1,5,5.15350823128543
2005-12-01,97.9723,198.1,4.9,2.93141020455958
2006-01-01,98.127,199.3,4.7,1.11468310796264
2006-02-01,98.1687,199.4,4.8,0.899728257963984
2006-03-01,98.3913,199.7,4.7,8.88981556601386
2006-04-01,98.6826,200.7,4.7,14.0545200850825
2006-05-01,98.7074,201.3,4.6,18.7256050807983
2006-06-01,99.0398,201.8,4.6,26.2049382145376
2006-07-01,98.9751,202.9,4.7,31.8815162114606
2006-08-01,99.4047,203.8,4.7,27.8444034901983
2006-09-01,99.2246,202.8,4.5,20.929390155078
2006-10-01,99.1229,201.9,4.4,12.33132843862
2006-11-01,99.0963,202,4.5,3.49044491988456
2006-12-01,100.113,203.1,4.4,2.22110833891681
2007-01-01,99.7546,203.437,4.6,0.167792123563197
2007-02-01,100.717,204.226,4.5,3.16334697532655
2007-03-01,100.895,205.288,4.4,9.25218216895174
2007-04-01,101.572,205.904,4.5,14.1977517219565
2007-05-01,101.627,206.755,4.4,20.505106693956
2007-06-01,101.655,207.234,4.6,28.2912183612592
2007-07-01,101.495,207.603,4.7,32.7512235844306
2007-08-01,101.694,207.667,4.6,30.2821556588782
2007-09-01,101.943,208.547,4.7,21.7310224190608
2007-10-01,101.645,209.19,4.7,13.5783294953406
2007-11-01,102.217,210.834,4.7,4.32520613138268
2007-12-01,102.276,211.445,5,2.63375928815694
2008-01-01,102.149,212.174,5,1.09645717760102
2008-02-01,101.776,212.687,4.9,2.47183379966509
2008-03-01,101.451,213.448,5.1,7.90432915522679
2008-04-01,100.755,213.942,5,14.0576320545537
2008-05-01,100.134,215.208,5.4,21.1790003024181
2008-06-01,99.8728,217.463,5.6,25.9388007524632
2008-07-01,99.4194,219.016,5.8,31.7305229807044
2008-08-01,97.8491,218.69,6.1,29.0318148646389
2008-09-01,93.5576,218.877,6.1,22.5777720124105
2008-10-01,94.4985,216.995,6.5,13.3751255062391
2008-11-01,93.2617,213.153,6.8,4.52594667168335
2008-12-01,90.6266,211.398,7.3,2.5722310480975
2009-01-01,88.3712,211.933,7.8,1.04347331349457
2009-02-01,87.843,212.705,8.3,4.32166598828942
2009-03-01,86.4689,212.495,8.7,8.00482607883005
2009-04-01,85.7903,212.709,9,13.6592971213881
2009-05-01,84.9436,213.022,9.4,19.23946963311
2009-06-01,84.6746,214.79,9.5,25.5631122948351
2009-07-01,85.6853,214.726,9.5,31.7962468961201
2009-08-01,86.6393,215.445,9.6,29.9185236753478
2009-09-01,87.3821,215.861,9.8,23.9933082427733
2009-10-01,87.5809,216.509,10,13.8922742642369
2009-11-01,87.9388,217.234,9.9,6.74190123322536
2009-12-01,88.2404,217.347,9.9,2.58226789366702
2010-01-01,89.1897,217.488,9.8,3.55230752719904
2010-02-01,89.5046,217.281,9.8,3.49143481631895
2010-03-01,90.1356,217.353,9.9,10.362172663546
2010-04-01,90.4607,217.403,9.9,14.4076390510571
2010-05-01,91.7014,217.29,9.6,17.8426569637738
2010-06-01,91.9033,217.199,9.4,25.0008997280642
2010-07-01,92.2549,217.605,9.4,30.2910570482969
2010-08-01,92.5936,217.923,9.5,31.9087088102775
2010-09-01,92.8533,218.275,9.5,21.2381661931261
2010-10-01,92.6033,219.035,9.4,12.5704542862183
2010-11-01,92.6686,219.59,9.8,4.44810680085238
2010-12-01,93.5916,220.472,9.3,2.18780778820481
2011-01-01,93.3889,221.187,9.1,1.82299773473275
2011-02-01,93.0045,221.898,9,5.19622547669815
2011-03-01,93.9684,223.046,9,9.35779339807785
2011-04-01,93.6571,224.093,9.1,15.2706384011664
2011-05-01,93.7723,224.806,9,20.2052013041531
2011-06-01,94.0493,224.806,9.1,25.8152812442393
2011-07-01,94.4958,225.395,9,31.407558833744
2011-08-01,95.0974,226.106,9,30.6804108232336
2011-09-01,95.0244,226.597,9,18.9792421827051
2011-10-01,95.6891,226.75,8.8,11.4522183214349
2011-11-01,95.6778,227.169,8.6,6.42521987844971
2011-12-01,96.1809,227.223,8.5,2.74626982032111
2012-01-01,96.7595,227.842,8.3,0.956384684153209
2012-02-01,97.0662,228.329,8.3,2.67728283294878
2012-03-01,96.5609,228.807,8.2,10.676866833434
2012-04-01,97.251,229.187,8.2,14.9605952991934
2012-05-01,97.4595,228.713,8.2,19.8042640694684
2012-06-01,97.4768,228.524,8.2,25.7350721882315
2012-07-01,97.6714,228.59,8.2,30.2748174162109
2012-08-01,97.2734,229.918,8.1,29.0948092970567
2012-09-01,97.2217,231.015,7.8,23.3458102395523
2012-10-01,97.5311,231.638,7.8,14.1911797584801
2012-11-01,97.9084,231.249,7.7,4.64167748632469
2012-12-01,98.1884,231.221,7.9,1.83328656229653
2013-01-01,98.1736,231.679,8,-0.485088725948837
2013-02-01,98.6434,232.937,7.7,4.01840168038982
2013-03-01,99.047,232.282,7.5,8.5298243879959
2013-04-01,98.9445,231.797,7.6,12.3214441279331
2013-05-01,99.0383,231.893,7.5,19.1590248352463
2013-06-01,99.2221,232.445,7.5,25.4207382179314
2013-07-01,98.8987,232.9,7.3,32.346286845956
2013-08-01,99.4897,233.456,7.2,29.7637683023168
2013-09-01,100.021,233.544,7.2,19.706888261046
2013-10-01,99.9037,233.669,7.2,15.2257525036054
2013-11-01,100.158,234.1,6.9,4.14517355636803
2013-12-01,100.374,234.719,6.7,3.04323647154381
2014-01-01,99.9899,235.288,6.6,3.72621347948007
2014-02-01,100.747,235.547,6.7,2.75146386584703
2014-03-01,101.743,236.028,6.7,7.86799487693118
2014-04-01,101.827,236.468,6.2,14.661589325801
2014-05-01,102.239,236.918,6.3,20.3212819711778
2014-06-01,102.577,237.231,6.1,26.6012528865609
2014-07-01,102.795,237.498,6.2,32.2144915881932
2014-08-01,102.632,237.46,6.1,30.9753014693014
2014-09-01,102.942,237.477,5.9,21.1310240465224
2014-10-01,102.961,237.43,5.7,12.3422693903814
2014-11-01,103.598,236.983,5.8,6.23063573647573
2014-12-01,103.615,236.252,5.6,3.1248620989303
2015-01-01,102.792,234.747,5.7,2.71207084251095
2015-02-01,102.137,235.342,5.5,3.45339708196384
2015-03-01,101.787,235.976,5.4,9.54007983886993
2015-04-01,101.226,236.222,5.4,13.9988429822655
2015-05-01,100.768,237.001,5.6,20.4484048951908
2015-06-01,100.459,237.657,5.3,26.1898032222777
2015-07-01,101.089,238.034,5.2,30.718480962877
2015-08-01,100.916,238.033,5.1,27.5834386384351
2015-09-01,100.633,237.498,5,21.0840300952489
2015-10-01,100.156,237.733,5,12.2008740522941
2015-11-01,99.4366,238.017,5.1,5.33139947733435
2015-12-01,98.9471,237.761,5,2.35779583285171
2016-01-01,99.4391,237.652,4.8,2.03277989159266
2016-02-01,98.9232,237.336,4.9,2.56850056960116
2016-03-01,98.1635,238.08,5,7.30912918851809
2016-04-01,98.4775,238.992,5.1,16.131741468252
2016-05-01,98.2549,239.557,4.8,21.9265581317855
2016-06-01,98.7315,240.222,4.9,25.8172304231601
2016-07-01,98.8452,240.101,4.8,31.9929720591247
2016-08-01,98.7427,240.545,4.9,31.9903897596817
2016-09-01,98.6552,241.176,5,22.8239389822377
2016-10-01,98.7237,241.741,4.9,13.1582348205748
2016-11-01,98.3443,242.026,4.7,5.9754051327603
2016-12-01,99.0406,242.637,4.7,3.94935482132241
2017-01-01,98.8158,243.618,4.7,2.25870484415699
2017-02-01,98.4356,244.006,4.6,4.48216701999386
2017-03-01,99.0492,243.892,4.4,8.26568538827403
2017-04-01,100.042,244.193,4.4,14.6280642597328
2017-05-01,100.128,244.004,4.4,19.5814411369186
2017-06-01,100.337,244.163,4.3,28.7209497639258
2017-07-01,100.087,244.243,4.3,32.9454463705439
2017-08-01,99.6323,245.183,4.4,28.8572925428794
2017-09-01,99.7482,246.435,4.3,21.1785904048804
2017-10-01,100.989,246.626,4.2,13.2308109675972
2017-11-01,101.249,247.284,4.2,6.83468531424985
2017-12-01,101.487,247.805,4.1,2.2191996956217
2018-01-01,101.485,248.859,4,2.27739137714043
2018-02-01,101.732,249.529,4.1,3.04503485911796
2018-03-01,102.194,249.577,4,9.39659207973571
2018-04-01,103.355,250.227,4,14.659326362185
2018-05-01,102.381,250.792,3.8,19.6401401507257
2018-06-01,103.226,251.018,4,26.2842518308955
2018-07-01,103.356,251.214,3.8,32.4189507619939
2018-08-01,104.059,251.663,3.8,28.3984395963391
2018-09-01,104.104,252.182,3.7,23.889456225514
2018-10-01,103.93,252.772,3.8,15.2040912695138
2018-11-01,104.013,252.594,3.8,7.75568535453037
2018-12-01,104.045,252.767,3.9,3.04268600994032
2019-01-01,103.36,252.561,4,2.86605521919401
2019-02-01,102.825,253.319,3.8,5.10737124478364
2019-03-01,102.836,254.277,3.8,10.3206763193065
2019-04-01,102.275,255.233,3.7,16.7254302976871
2019-05-01,102.418,255.296,3.6,18.87670227918
2019-06-01,102.543,255.213,3.6,26.1246986715266
2019-07-01,102.006,255.802,3.7,30.3832104118767
2019-08-01,102.781,256.036,3.6,28.1302987904579
2019-09-01,102.46,256.43,3.5,21.5079676847385
2019-10-01,101.588,257.155,3.6,13.8752780764255
2019-11-01,102.149,257.879,3.6,4.2520620370161
2019-12-01,101.942,258.63,3.6,2.03748723494572
2020-01-01,101.337,259.127,3.6,1.76999891992822
2020-02-01,101.672,259.25,3.5,4.10159552543936
2020-03-01,97.606,258.076,4.4,7.07892217371972
2020-04-01,84.6812,256.032,14.8,14.7298988364116
2020-05-01,86.0108,255.802,13.2,18.3827669292041
2020-06-01,91.6745,257.042,11,27.5777805771326
2020-07-01,95.0037,258.352,10.2,30.4522659684143
2020-08-01,95.9294,259.316,8.4,29.7924720968149
2020-09-01,95.8914,259.997,7.8,21.8949597037076
2020-10-01,96.5256,260.319,6.9,13.2863861372692
2020-11-01,96.9529,260.911,6.7,4.64879837672247
2020-12-01,98.2039,262.045,6.7,1.63905803556516
2021-01-01,98.8135,262.639,6.4,0.46421261092381
2021-02-01,95.5072,263.573,6.2,3.89738555300181
2021-03-01,98.1929,264.847,6.1,9.96678999142498
2021-04-01,98.3317,266.625,6.1,14.593572822396
2021-05-01,99.1867,268.404,5.8,19.995419431881
2021-06-01,99.6483,270.71,5.9,24.7844385402701
2021-07-01,100.067,271.965,5.4,31.9696931527536
2021-08-01,100.041,272.752,5.1,28.6874132390184
2021-09-01,98.9955,273.942,4.7,22.7580674267687
2021-10-01,100.354,276.528,4.5,15.5306889263644
2021-11-01,101.268,278.824,4.2,3.67734998755621
2021-12-01,101.195,280.806,3.9,3.21305990909651
2022-01-01,101.215,282.542,4,1.43126295885131
2022-02-01,101.846,284.525,3.8,5.78995092673287
2022-03-01,102.673,287.467,3.7,9.39675262003506
2022-04-01,102.902,288.582,3.7,13.8980133886963
2022-05-01,102.966,291.299,3.6,18.7896578588141
2022-06-01,102.822,295.072,3.6,26.1463459975488
2022-07-01,103.05,294.94,3.5,30.0257377597861
2022-08-01,103.17,295.162,3.6,29.5289834375437
2022-09-01,103.533,296.421,3.5,22.7044122920109
2022-10-01,103.444,297.979,3.6,13.5543432310424
2022-11-01,103.106,298.708,3.6,4.97584568315104
2022-12-01,101.827,298.808,3.5,2.54447117471666
2023-01-01,102.748,300.456,3.5,0.0780144555212366
2023-02-01,102.8,301.476,3.6,3.221161401103
2023-03-01,102.814,301.643,3.5,9.3205725095663
2023-04-01,103.224,302.858,3.4,16.1971837006497
2023-05-01,102.981,303.316,3.6,18.861988946147
2023-06-01,102.381,304.099,3.6,28.0532075964814
2023-07-01,103.072,304.615,3.5,31.4504889832259
2023-08-01,103.095,306.138,3.7,31.5892784380437
2023-09-01,103.308,307.374,3.8,21.7023844747499
2023-10-01,102.578,307.653,3.9,14.0041676894229
2023-11-01,102.887,308.087,3.7,4.07650909432318
2023-12-01,102.631,308.735,3.8,3.90714699667583
2024-01-01,101.483,309.794,3.7,1.73587924121116
2024-02-01,102.727,311.022,3.9,5.5527258954922
2024-03-01,102.519,312.107,3.9,9.56277093300047
2024-04-01,102.357,313.016,3.9,14.4882513413682
2024-05-01,102.98,313.14,4,17.8806514867398
2024-06-01,103.253,313.131,4.1,26.7681434850342
2024-07-01,102.519,313.566,4.2,31.2396437951736
2024-08-01,103.02,314.131,4.2,29.7192313343146
2024-09-01,102.595,314.851,4.1,24.1182583008414
2024-10-01,102.214,315.564,4.1,15.8115484635697
2024-11-01,101.95,316.449,4.2,4.55972211528831
2024-12-01,103.072,317.603,4.1,2.3872005590676
2025-01-01,103.213,319.086,4,0.191031928345172
2025-02-01,104.149,319.775,4.1,4.28545056430912
2025-03-01,103.886,319.615,4.2,7.41675626701754
2025-04-01,103.88,320.321,4.2,14.5771132464704
